"Origin Movement ID","Origin Display Name","Destination Movement ID","Destination Display Name","Date Range","Mean Travel Time (Seconds)","Range - Lower Bound Travel Time (Seconds)","Range - Upper Bound Travel Time (Seconds)"
"271","Kisii University College, monrovia ambank, Nairobi","3","Unnamed Road","1/10/2017 - 1/12/2017, Every day, Daily Average",1883,1286,2756
"271","Kisii University College, monrovia ambank, Nairobi","5","Unnamed Road","1/10/2017 - 1/12/2017, Every day, Daily Average",1869,1271,2747
"271","Kisii University College, monrovia ambank, Nairobi","6","Athi River Rd","1/10/2017 - 1/12/2017, Every day, Daily Average",2682,1949,3689
"271","Kisii University College, monrovia ambank, Nairobi","7","Jirongo Flats","1/10/2017 - 1/12/2017, Every day, Daily Average",2323,1514,3563
"271","Kisii University College, monrovia ambank, Nairobi","9","Meru - Nairobi Hwy","1/10/2017 - 1/12/2017, Every day, Daily Average",2477,1759,3486
"271","Kisii University College, monrovia ambank, Nairobi","12","Unnamed Road","1/10/2017 - 1/12/2017, Every day, Daily Average",2883,2102,3952
"271","Kisii University College, monrovia ambank, Nairobi","13","Foot Path","1/10/2017 - 1/12/2017, Every day, Daily Average",2564,1536,4279
"271","Kisii University College, monrovia ambank, Nairobi","14","Kangundo Rd","1/10/2017 - 1/12/2017, Every day, Daily Average",3328,2184,5069
"271","Kisii University College, monrovia ambank, Nairobi","15","Unnamed Road","1/10/2017 - 1/12/2017, Every day, Daily Average",2324,1507,3582
"271","Kisii University College, monrovia ambank, Nairobi","16","Silanga Road","1/10/2017 - 1/12/2017, Every day, Daily Average",1771,1138,2754
"271","Kisii University College, monrovia ambank, Nairobi","17","Ole Kasasi Rd","1/10/2017 - 1/12/2017, Every day, Daily Average",3153,2201,4516
"271","Kisii University College, monrovia ambank, Nairobi","19","Kihara- Gacii- Karura Road","1/10/2017 - 1/12/2017, Every day, Daily Average",1813,1333,2464
"271","Kisii University College, monrovia ambank, Nairobi","20","Icipe Rd","1/10/2017 - 1/12/2017, Every day, Daily Average",1365,820,2270
"271","Kisii University College, monrovia ambank, Nairobi","21","Carpenter's Workshop","1/10/2017 - 1/12/2017, Every day, Daily Average",2443,1470,4058
"271","Kisii University College, monrovia ambank, Nairobi","22","Kiroe Chunga Mali Rd","1/10/2017 - 1/12/2017, Every day, Daily Average",2182,1650,2884
"271","Kisii University College, monrovia ambank, Nairobi","23","Muhuri Rd","1/10/2017 - 1/12/2017, Every day, Daily Average",1395,916,2123
"271","Kisii University College, monrovia ambank, Nairobi","24","Ndege Rd","1/10/2017 - 1/12/2017, Every day, Daily Average",2213,1476,3317
"271","Kisii University College, monrovia ambank, Nairobi","25","1000 Kangundo Rd","1/10/2017 - 1/12/2017, Every day, Daily Average",2445,1511,3954
"271","Kisii University College, monrovia ambank, Nairobi","26","Arena Dr","1/10/2017 - 1/12/2017, Every day, Daily Average",1161,702,1917
"271","Kisii University College, monrovia ambank, Nairobi","27","Ngong Rd","1/10/2017 - 1/12/2017, Every day, Daily Average",1934,1132,3303
"271","Kisii University College, monrovia ambank, Nairobi","28","Miotoni Rd","1/10/2017 - 1/12/2017, Every day, Daily Average",2710,1628,4509
"271","Kisii University College, monrovia ambank, Nairobi","29","Mayor Rd","1/10/2017 - 1/12/2017, Every day, Daily Average",2007,1272,3165
"271","Kisii University College, monrovia ambank, Nairobi","30","Kerwa","1/10/2017 - 1/12/2017, Every day, Daily Average",2035,1493,2773
"271","Kisii University College, monrovia ambank, Nairobi","32","Hospital Rd","1/10/2017 - 1/12/2017, Every day, Daily Average",2608,1630,4171
"271","Kisii University College, monrovia ambank, Nairobi","33","Limuru Rd","1/10/2017 - 1/12/2017, Every day, Daily Average",1588,1063,2370
"271","Kisii University College, monrovia ambank, Nairobi","34","Neema Rd","1/10/2017 - 1/12/2017, Every day, Daily Average",3702,2646,5178
"271","Kisii University College, monrovia ambank, Nairobi","35","Magadi Rd","1/10/2017 - 1/12/2017, Every day, Daily Average",3418,2346,4978
"271","Kisii University College, monrovia ambank, Nairobi","36","Unnamed Road","1/10/2017 - 1/12/2017, Every day, Daily Average",1112,716,1725
"271","Kisii University College, monrovia ambank, Nairobi","37","Riflo Workshop","1/10/2017 - 1/12/2017, Every day, Daily Average",1476,902,2414
"271","Kisii University College, monrovia ambank, Nairobi","39","Kiambia-Gathanga Rd","1/10/2017 - 1/12/2017, Every day, Daily Average",1807,1274,2561
"271","Kisii University College, monrovia ambank, Nairobi","40","Stage Mpya","1/10/2017 - 1/12/2017, Every day, Daily Average",2160,1256,3712
"271","Kisii University College, monrovia ambank, Nairobi","41","Unnamed Road","1/10/2017 - 1/12/2017, Every day, Daily Average",3008,1821,4967
"271","Kisii University College, monrovia ambank, Nairobi","42","Eastern By Pass","1/10/2017 - 1/12/2017, Every day, Daily Average",2898,1881,4464
"271","Kisii University College, monrovia ambank, Nairobi","44","Unnamed Road","1/10/2017 - 1/12/2017, Every day, Daily Average",2653,1681,4186
"271","Kisii University College, monrovia ambank, Nairobi","46","Magoko Road","1/10/2017 - 1/12/2017, Every day, Daily Average",3368,2567,4418
"271","Kisii University College, monrovia ambank, Nairobi","48","Kiambu Rd","1/10/2017 - 1/12/2017, Every day, Daily Average",684,387,1207
"271","Kisii University College, monrovia ambank, Nairobi","49","Rd to Utawala Academy","1/10/2017 - 1/12/2017, Every day, Daily Average",1734,1027,2927
"271","Kisii University College, monrovia ambank, Nairobi","51","First Freight Lane","1/10/2017 - 1/12/2017, Every day, Daily Average",1513,958,2387
"271","Kisii University College, monrovia ambank, Nairobi","52","300 Ngong Rd","1/10/2017 - 1/12/2017, Every day, Daily Average",2183,1381,3448
"271","Kisii University College, monrovia ambank, Nairobi","53","Bamburi Rd","1/10/2017 - 1/12/2017, Every day, Daily Average",2704,1767,4136
"271","Kisii University College, monrovia ambank, Nairobi","54","Muramati Rd","1/10/2017 - 1/12/2017, Every day, Daily Average",2715,1814,4062
"271","Kisii University College, monrovia ambank, Nairobi","56","Unnamed Road","1/10/2017 - 1/12/2017, Every day, Daily Average",1619,981,2669
"271","Kisii University College, monrovia ambank, Nairobi","57","Getathuru Rd","1/10/2017 - 1/12/2017, Every day, Daily Average",1505,1039,2178
"271","Kisii University College, monrovia ambank, Nairobi","58","Hekima Rd","1/10/2017 - 1/12/2017, Every day, Daily Average",2048,1329,3155
"271","Kisii University College, monrovia ambank, Nairobi","59","Unnamed Road","1/10/2017 - 1/12/2017, Every day, Daily Average",805,461,1403
"271","Kisii University College, monrovia ambank, Nairobi","60","Mutungoni Rd","1/10/2017 - 1/12/2017, Every day, Daily Average",3231,2227,4687
"271","Kisii University College, monrovia ambank, Nairobi","61","Kinanda Rd","1/10/2017 - 1/12/2017, Every day, Daily Average",1664,1130,2449
"271","Kisii University College, monrovia ambank, Nairobi","62","Lucky Twin Plaza Road","1/10/2017 - 1/12/2017, Every day, Daily Average",1915,1291,2838
"271","Kisii University College, monrovia ambank, Nairobi","63","Murishu Rd","1/10/2017 - 1/12/2017, Every day, Daily Average",1651,1121,2431
"271","Kisii University College, monrovia ambank, Nairobi","64","Nziu Rd","1/10/2017 - 1/12/2017, Every day, Daily Average",1507,833,2723
"271","Kisii University College, monrovia ambank, Nairobi","65","TRM Dr","1/10/2017 - 1/12/2017, Every day, Daily Average",1250,766,2038
"271","Kisii University College, monrovia ambank, Nairobi","66","Muramati Rd","1/10/2017 - 1/12/2017, Every day, Daily Average",1533,1011,2322
"271","Kisii University College, monrovia ambank, Nairobi","67","Unnamed Road","1/10/2017 - 1/12/2017, Every day, Daily Average",1848,1184,2882
"271","Kisii University College, monrovia ambank, Nairobi","68","Millenium Krishna","1/10/2017 - 1/12/2017, Every day, Daily Average",870,524,1443
"271","Kisii University College, monrovia ambank, Nairobi","69","Southern Bypass","1/10/2017 - 1/12/2017, Every day, Daily Average",763,389,1496
"271","Kisii University College, monrovia ambank, Nairobi","70","Mbagathi Way","1/10/2017 - 1/12/2017, Every day, Daily Average",901,468,1733
"271","Kisii University College, monrovia ambank, Nairobi","71","Southern Bypass","1/10/2017 - 1/12/2017, Every day, Daily Average",2123,1383,3258
"271","Kisii University College, monrovia ambank, Nairobi","72","Biashara St","1/10/2017 - 1/12/2017, Every day, Daily Average",1865,1289,2697
"271","Kisii University College, monrovia ambank, Nairobi","73","Beijing Road","1/10/2017 - 1/12/2017, Every day, Daily Average",1807,1139,2866
"271","Kisii University College, monrovia ambank, Nairobi","76","Unnamed Road","1/10/2017 - 1/12/2017, Every day, Daily Average",2804,1833,4287
"271","Kisii University College, monrovia ambank, Nairobi","77","Argwings Kodhek Rd","1/10/2017 - 1/12/2017, Every day, Daily Average",737,424,1279
"271","Kisii University College, monrovia ambank, Nairobi","78","ARGWINGS KODHEK APPARTMENTS","1/10/2017 - 1/12/2017, Every day, Daily Average",1065,660,1716
"271","Kisii University College, monrovia ambank, Nairobi","79","Eastern Bypass","1/10/2017 - 1/12/2017, Every day, Daily Average",1991,1219,3251
"271","Kisii University College, monrovia ambank, Nairobi","80","Kihingo","1/10/2017 - 1/12/2017, Every day, Daily Average",2089,1484,2940
"271","Kisii University College, monrovia ambank, Nairobi","81","Kangundo Rd","1/10/2017 - 1/12/2017, Every day, Daily Average",2477,1529,4011
"271","Kisii University College, monrovia ambank, Nairobi","82","Langata Rd","1/10/2017 - 1/12/2017, Every day, Daily Average",1346,818,2213
"271","Kisii University College, monrovia ambank, Nairobi","83","A 104","1/10/2017 - 1/12/2017, Every day, Daily Average",1544,1028,2317
"271","Kisii University College, monrovia ambank, Nairobi","86","Ngong Rd","1/10/2017 - 1/12/2017, Every day, Daily Average",1777,1024,3082
"271","Kisii University College, monrovia ambank, Nairobi","87","Church Rd","1/10/2017 - 1/12/2017, Every day, Daily Average",1976,1298,3007
"271","Kisii University College, monrovia ambank, Nairobi","88","Mombasa Road","1/10/2017 - 1/12/2017, Every day, Daily Average",1580,922,2705
"271","Kisii University College, monrovia ambank, Nairobi","90","0 General Mathenge Dr","1/10/2017 - 1/12/2017, Every day, Daily Average",998,589,1689
"271","Kisii University College, monrovia ambank, Nairobi","91","Irungu Riika Rd","1/10/2017 - 1/12/2017, Every day, Daily Average",509,233,1107
"271","Kisii University College, monrovia ambank, Nairobi","93","Mukinduri Ln","1/10/2017 - 1/12/2017, Every day, Daily Average",2079,1191,3628
"271","Kisii University College, monrovia ambank, Nairobi","94","Unnamed Road","1/10/2017 - 1/12/2017, Every day, Daily Average",1804,1103,2950
"271","Kisii University College, monrovia ambank, Nairobi","95","Adminstration Block","1/10/2017 - 1/12/2017, Every day, Daily Average",847,443,1617
"271","Kisii University College, monrovia ambank, Nairobi","96","Grevillea Ln","1/10/2017 - 1/12/2017, Every day, Daily Average",1123,622,2025
"271","Kisii University College, monrovia ambank, Nairobi","97","Meru - Nairobi Hwy","1/10/2017 - 1/12/2017, Every day, Daily Average",3290,2409,4492
"271","Kisii University College, monrovia ambank, Nairobi","98","Tembo Rd","1/10/2017 - 1/12/2017, Every day, Daily Average",2033,1356,3047
"271","Kisii University College, monrovia ambank, Nairobi","99","Unnamed Road","1/10/2017 - 1/12/2017, Every day, Daily Average",2146,1378,3341
"271","Kisii University College, monrovia ambank, Nairobi","101","Fifth Avenue","1/10/2017 - 1/12/2017, Every day, Daily Average",2776,1835,4198
"271","Kisii University College, monrovia ambank, Nairobi","102","Limuru Rd","1/10/2017 - 1/12/2017, Every day, Daily Average",1395,910,2137
"271","Kisii University College, monrovia ambank, Nairobi","103","Syokimau - Katani Rd","1/10/2017 - 1/12/2017, Every day, Daily Average",1763,1070,2903
"271","Kisii University College, monrovia ambank, Nairobi","106","Rhino Park Close","1/10/2017 - 1/12/2017, Every day, Daily Average",2600,1675,4035
"271","Kisii University College, monrovia ambank, Nairobi","107","Kabarnet Gardens","1/10/2017 - 1/12/2017, Every day, Daily Average",770,409,1446
"271","Kisii University College, monrovia ambank, Nairobi","108","Naivasha Rd","1/10/2017 - 1/12/2017, Every day, Daily Average",1742,1156,2624
"271","Kisii University College, monrovia ambank, Nairobi","110","0 Waiyaki Way","1/10/2017 - 1/12/2017, Every day, Daily Average",814,453,1459
"271","Kisii University College, monrovia ambank, Nairobi","112","Meru - Nairobi Hwy","1/10/2017 - 1/12/2017, Every day, Daily Average",1122,671,1875
"271","Kisii University College, monrovia ambank, Nairobi","113","A 104","1/10/2017 - 1/12/2017, Every day, Daily Average",1518,997,2310
"271","Kisii University College, monrovia ambank, Nairobi","114","Gitaru Rd","1/10/2017 - 1/12/2017, Every day, Daily Average",1737,1170,2578
"271","Kisii University College, monrovia ambank, Nairobi","115","Syokimau Airport Rd","1/10/2017 - 1/12/2017, Every day, Daily Average",2280,1468,3539
"271","Kisii University College, monrovia ambank, Nairobi","116","Kayole Rd","1/10/2017 - 1/12/2017, Every day, Daily Average",2767,1680,4555
"271","Kisii University College, monrovia ambank, Nairobi","117","Unnamed Road","1/10/2017 - 1/12/2017, Every day, Daily Average",2699,1789,4070
"271","Kisii University College, monrovia ambank, Nairobi","120","Mombasa Road","1/10/2017 - 1/12/2017, Every day, Daily Average",2900,2029,4143
"271","Kisii University College, monrovia ambank, Nairobi","121","Kibichiko Rd","1/10/2017 - 1/12/2017, Every day, Daily Average",1770,1161,2697
"271","Kisii University College, monrovia ambank, Nairobi","123","Muigai Kenyatta Rd","1/10/2017 - 1/12/2017, Every day, Daily Average",2377,1644,3435
"271","Kisii University College, monrovia ambank, Nairobi","124","Mombasa Road","1/10/2017 - 1/12/2017, Every day, Daily Average",2128,1393,3248
"271","Kisii University College, monrovia ambank, Nairobi","125","Unnamed Road","1/10/2017 - 1/12/2017, Every day, Daily Average",3027,1996,4589
"271","Kisii University College, monrovia ambank, Nairobi","126","Kangundo Rd","1/10/2017 - 1/12/2017, Every day, Daily Average",3054,2163,4311
"271","Kisii University College, monrovia ambank, Nairobi","127","Lower Kabete","1/10/2017 - 1/12/2017, Every day, Daily Average",1574,1120,2211
"271","Kisii University College, monrovia ambank, Nairobi","128","Langata Rd","1/10/2017 - 1/12/2017, Every day, Daily Average",1606,1022,2521
"271","Kisii University College, monrovia ambank, Nairobi","129","Northern Bypass Rd","1/10/2017 - 1/12/2017, Every day, Daily Average",2965,1926,4564
"271","Kisii University College, monrovia ambank, Nairobi","130","Southern Bypass","1/10/2017 - 1/12/2017, Every day, Daily Average",1355,757,2423
"271","Kisii University College, monrovia ambank, Nairobi","131","Magadi Rd","1/10/2017 - 1/12/2017, Every day, Daily Average",3074,2114,4468
"271","Kisii University College, monrovia ambank, Nairobi","132","Ruiru Kamiti Road","1/10/2017 - 1/12/2017, Every day, Daily Average",2663,1675,4233
"271","Kisii University College, monrovia ambank, Nairobi","133","P.O. Box 41185","1/10/2017 - 1/12/2017, Every day, Daily Average",447,166,1201
"271","Kisii University College, monrovia ambank, Nairobi","135","Kikuyu Rd","1/10/2017 - 1/12/2017, Every day, Daily Average",2068,1383,3090
"271","Kisii University College, monrovia ambank, Nairobi","136","900 Edina Apartments","1/10/2017 - 1/12/2017, Every day, Daily Average",2623,1700,4046
"271","Kisii University College, monrovia ambank, Nairobi","137","Thika - Mang'u Rd","1/10/2017 - 1/12/2017, Every day, Daily Average",2928,2206,3885
"271","Kisii University College, monrovia ambank, Nairobi","138","Northern Bypass Rd","1/10/2017 - 1/12/2017, Every day, Daily Average",1722,1153,2570
"271","Kisii University College, monrovia ambank, Nairobi","139","Kiambu Rd","1/10/2017 - 1/12/2017, Every day, Daily Average",1507,912,2487
"271","Kisii University College, monrovia ambank, Nairobi","140","Banana Raini Rd","1/10/2017 - 1/12/2017, Every day, Daily Average",1973,1403,2773
"271","Kisii University College, monrovia ambank, Nairobi","141","Loiyangalani Dr","1/10/2017 - 1/12/2017, Every day, Daily Average",1256,785,2007
"271","Kisii University College, monrovia ambank, Nairobi","142","Brookside Grove","1/10/2017 - 1/12/2017, Every day, Daily Average",647,352,1188
"271","Kisii University College, monrovia ambank, Nairobi","143","Olkeri Laiser Hill Road","1/10/2017 - 1/12/2017, Every day, Daily Average",2866,1844,4453
"271","Kisii University College, monrovia ambank, Nairobi","145","Mombasa Road","1/10/2017 - 1/12/2017, Every day, Daily Average",1904,1203,3011
"271","Kisii University College, monrovia ambank, Nairobi","146","Unnamed Road","1/10/2017 - 1/12/2017, Every day, Daily Average",2723,1736,4270
"271","Kisii University College, monrovia ambank, Nairobi","147","Meru - Nairobi Hwy","1/10/2017 - 1/12/2017, Every day, Daily Average",2674,1711,4178
"271","Kisii University College, monrovia ambank, Nairobi","148","Unnamed Road","1/10/2017 - 1/12/2017, Every day, Daily Average",3642,2394,5540
"271","Kisii University College, monrovia ambank, Nairobi","150","Unnamed Road","1/10/2017 - 1/12/2017, Every day, Daily Average",2996,1938,4629
"271","Kisii University College, monrovia ambank, Nairobi","151","0 Riverside Dr","1/10/2017 - 1/12/2017, Every day, Daily Average",423,196,911
"271","Kisii University College, monrovia ambank, Nairobi","152","Nairobi - Namanga","1/10/2017 - 1/12/2017, Every day, Daily Average",2470,1646,3704
"271","Kisii University College, monrovia ambank, Nairobi","153","0 Bendera Ln","1/10/2017 - 1/12/2017, Every day, Daily Average",1222,777,1919
"271","Kisii University College, monrovia ambank, Nairobi","154","Magadi Rd","1/10/2017 - 1/12/2017, Every day, Daily Average",1705,1119,2597
"271","Kisii University College, monrovia ambank, Nairobi","155","C65","1/10/2017 - 1/12/2017, Every day, Daily Average",2035,1351,3064
"271","Kisii University College, monrovia ambank, Nairobi","157","0 Spring Valley Rd","1/10/2017 - 1/12/2017, Every day, Daily Average",1145,702,1866
"271","Kisii University College, monrovia ambank, Nairobi","158","Magadi Rd","1/10/2017 - 1/12/2017, Every day, Daily Average",1400,876,2235
"271","Kisii University College, monrovia ambank, Nairobi","159","Zada Flat","1/10/2017 - 1/12/2017, Every day, Daily Average",2171,1243,3791
"271","Kisii University College, monrovia ambank, Nairobi","161","clay city masournets","1/10/2017 - 1/12/2017, Every day, Daily Average",1459,888,2396
"271","Kisii University College, monrovia ambank, Nairobi","164","Mumbi Ln","1/10/2017 - 1/12/2017, Every day, Daily Average",1837,1100,3065
"271","Kisii University College, monrovia ambank, Nairobi","165","A 104","1/10/2017 - 1/12/2017, Every day, Daily Average",2338,1634,3343
"271","Kisii University College, monrovia ambank, Nairobi","166","Embakasi Rd","1/10/2017 - 1/12/2017, Every day, Daily Average",1727,1004,2968
"271","Kisii University College, monrovia ambank, Nairobi","167","Kirawa Rd","1/10/2017 - 1/12/2017, Every day, Daily Average",1673,1156,2419
"271","Kisii University College, monrovia ambank, Nairobi","168","Ring Rd","1/10/2017 - 1/12/2017, Every day, Daily Average",2954,1981,4403
"271","Kisii University College, monrovia ambank, Nairobi","169","J35,Block 62/469 Kibera Dr","1/10/2017 - 1/12/2017, Every day, Daily Average",1133,681,1884
"271","Kisii University College, monrovia ambank, Nairobi","172","James Gichuru Road","1/10/2017 - 1/12/2017, Every day, Daily Average",1168,704,1936
"271","Kisii University College, monrovia ambank, Nairobi","173","Garissa Rd","1/10/2017 - 1/12/2017, Every day, Daily Average",3410,2584,4499
"271","Kisii University College, monrovia ambank, Nairobi","175","Kamiti Rd","1/10/2017 - 1/12/2017, Every day, Daily Average",2159,1470,3170
"271","Kisii University College, monrovia ambank, Nairobi","176","Share Saifiyah Burhaniyah","1/10/2017 - 1/12/2017, Every day, Daily Average",1536,990,2382
"271","Kisii University College, monrovia ambank, Nairobi","177","Kikuyu Rd","1/10/2017 - 1/12/2017, Every day, Daily Average",2310,1592,3350
"271","Kisii University College, monrovia ambank, Nairobi","178","Kugeria Rd","1/10/2017 - 1/12/2017, Every day, Daily Average",1621,1061,2476
"271","Kisii University College, monrovia ambank, Nairobi","179","Eldoret-Malaba Rd","1/10/2017 - 1/12/2017, Every day, Daily Average",2115,1588,2815
"271","Kisii University College, monrovia ambank, Nairobi","180","Eastern Bypass","1/10/2017 - 1/12/2017, Every day, Daily Average",2164,1266,3697
"271","Kisii University College, monrovia ambank, Nairobi","181","King'eero Shopping Centre Main Rd","1/10/2017 - 1/12/2017, Every day, Daily Average",1975,1454,2682
"271","Kisii University College, monrovia ambank, Nairobi","182","A 104","1/10/2017 - 1/12/2017, Every day, Daily Average",1790,1317,2431
"271","Kisii University College, monrovia ambank, Nairobi","183","Rd to Utawala Academy","1/10/2017 - 1/12/2017, Every day, Daily Average",2190,1334,3593
"271","Kisii University College, monrovia ambank, Nairobi","184","Miami Ct Rd","1/10/2017 - 1/12/2017, Every day, Daily Average",2684,1753,4107
"271","Kisii University College, monrovia ambank, Nairobi","185","Limuru Rd","1/10/2017 - 1/12/2017, Every day, Daily Average",2583,1823,3659
"271","Kisii University College, monrovia ambank, Nairobi","186","Unnamed Road","1/10/2017 - 1/12/2017, Every day, Daily Average",1945,1425,2654
"271","Kisii University College, monrovia ambank, Nairobi","187","Unnamed Road","1/10/2017 - 1/12/2017, Every day, Daily Average",3589,2470,5213
"271","Kisii University College, monrovia ambank, Nairobi","188","Hinga Road","1/10/2017 - 1/12/2017, Every day, Daily Average",1028,627,1683
"271","Kisii University College, monrovia ambank, Nairobi","189","Unnamed Road","1/10/2017 - 1/12/2017, Every day, Daily Average",2015,1284,3161
"271","Kisii University College, monrovia ambank, Nairobi","190","Kamandura - Mai Mahiu - Narok Rd","1/10/2017 - 1/12/2017, Every day, Daily Average",2516,1907,3318
"271","Kisii University College, monrovia ambank, Nairobi","191","Bogani E Rd","1/10/2017 - 1/12/2017, Every day, Daily Average",1710,1118,2613
"271","Kisii University College, monrovia ambank, Nairobi","192","Cargen House","1/10/2017 - 1/12/2017, Every day, Daily Average",264,75,922
"271","Kisii University College, monrovia ambank, Nairobi","193","Katani Road","1/10/2017 - 1/12/2017, Every day, Daily Average",2117,1331,3365
"271","Kisii University College, monrovia ambank, Nairobi","194","James Dr","1/10/2017 - 1/12/2017, Every day, Daily Average",1940,1308,2876
"271","Kisii University College, monrovia ambank, Nairobi","198","Mae Properties Dr","1/10/2017 - 1/12/2017, Every day, Daily Average",1632,1038,2564
"271","Kisii University College, monrovia ambank, Nairobi","199","Catholic Rd","1/10/2017 - 1/12/2017, Every day, Daily Average",2639,1777,3918
"271","Kisii University College, monrovia ambank, Nairobi","200","Karura Munyaka Road","1/10/2017 - 1/12/2017, Every day, Daily Average",2622,1701,4040
"271","Kisii University College, monrovia ambank, Nairobi","201","Masimba Rd","1/10/2017 - 1/12/2017, Every day, Daily Average",2565,1581,4160
"271","Kisii University College, monrovia ambank, Nairobi","202","Rose Cl","1/10/2017 - 1/12/2017, Every day, Daily Average",528,286,972
"271","Kisii University College, monrovia ambank, Nairobi","203","Ngong Rd","1/10/2017 - 1/12/2017, Every day, Daily Average",2498,1633,3820
"271","Kisii University College, monrovia ambank, Nairobi","204","Mukiri Road","1/10/2017 - 1/12/2017, Every day, Daily Average",1252,805,1946
"271","Kisii University College, monrovia ambank, Nairobi","206","Meru - Nairobi Hwy","1/10/2017 - 1/12/2017, Every day, Daily Average",2554,1887,3455
"271","Kisii University College, monrovia ambank, Nairobi","207","2nd Sunrise Ave","1/10/2017 - 1/12/2017, Every day, Daily Average",2009,1328,3039
"271","Kisii University College, monrovia ambank, Nairobi","208","Kangundo Rd","1/10/2017 - 1/12/2017, Every day, Daily Average",2815,1900,4168
"271","Kisii University College, monrovia ambank, Nairobi","209","City Chicken Road","1/10/2017 - 1/12/2017, Every day, Daily Average",1966,1266,3051
"271","Kisii University College, monrovia ambank, Nairobi","210","Airport N Rd","1/10/2017 - 1/12/2017, Every day, Daily Average",1565,882,2775
"271","Kisii University College, monrovia ambank, Nairobi","211","Kayole Spine Road","1/10/2017 - 1/12/2017, Every day, Daily Average",2257,1342,3793
"271","Kisii University College, monrovia ambank, Nairobi","212","Lunga Lunga Rd","1/10/2017 - 1/12/2017, Every day, Daily Average",1574,871,2844
"271","Kisii University College, monrovia ambank, Nairobi","213","Ruiru Kamiti Road","1/10/2017 - 1/12/2017, Every day, Daily Average",1720,1163,2542
"271","Kisii University College, monrovia ambank, Nairobi","214","Lane 26","1/10/2017 - 1/12/2017, Every day, Daily Average",2026,1389,2954
"271","Kisii University College, monrovia ambank, Nairobi","218","Unnamed Road","1/10/2017 - 1/12/2017, Every day, Daily Average",2518,1812,3497
"271","Kisii University College, monrovia ambank, Nairobi","220","Dagoretti Rd","1/10/2017 - 1/12/2017, Every day, Daily Average",2825,1811,4406
"271","Kisii University College, monrovia ambank, Nairobi","221","Unnamed Road","1/10/2017 - 1/12/2017, Every day, Daily Average",3100,2254,4262
"271","Kisii University College, monrovia ambank, Nairobi","222","Kikuyu Rd","1/10/2017 - 1/12/2017, Every day, Daily Average",2695,1776,4088
"271","Kisii University College, monrovia ambank, Nairobi","224","Unnamed Road","1/10/2017 - 1/12/2017, Every day, Daily Average",1824,1057,3146
"271","Kisii University College, monrovia ambank, Nairobi","225","Woodvalle Dr","1/10/2017 - 1/12/2017, Every day, Daily Average",1280,765,2139
"271","Kisii University College, monrovia ambank, Nairobi","227","A2","1/10/2017 - 1/12/2017, Every day, Daily Average",2310,1581,3373
"271","Kisii University College, monrovia ambank, Nairobi","228","Eastern Bypass","1/10/2017 - 1/12/2017, Every day, Daily Average",2387,1482,3842
"271","Kisii University College, monrovia ambank, Nairobi","229","Unnamed Road","1/10/2017 - 1/12/2017, Every day, Daily Average",938,497,1767
"271","Kisii University College, monrovia ambank, Nairobi","230","Southern Bypass","1/10/2017 - 1/12/2017, Every day, Daily Average",2736,1706,4386
"271","Kisii University College, monrovia ambank, Nairobi","231","Unnamed Road","1/10/2017 - 1/12/2017, Every day, Daily Average",1858,960,3593
"271","Kisii University College, monrovia ambank, Nairobi","232","Imani Project","1/10/2017 - 1/12/2017, Every day, Daily Average",2171,1294,3641
"271","Kisii University College, monrovia ambank, Nairobi","233","Kerarapon Drive","1/10/2017 - 1/12/2017, Every day, Daily Average",2322,1500,3593
"271","Kisii University College, monrovia ambank, Nairobi","234","Lower Kabete","1/10/2017 - 1/12/2017, Every day, Daily Average",1774,1297,2424
"271","Kisii University College, monrovia ambank, Nairobi","235","A2","1/10/2017 - 1/12/2017, Every day, Daily Average",2331,1637,3317
"271","Kisii University College, monrovia ambank, Nairobi","237","Unnamed Road","1/10/2017 - 1/12/2017, Every day, Daily Average",1839,1227,2754
"271","Kisii University College, monrovia ambank, Nairobi","238","School Road","1/10/2017 - 1/12/2017, Every day, Daily Average",3355,2206,5100
"271","Kisii University College, monrovia ambank, Nairobi","239","Northern Bypass Rd","1/10/2017 - 1/12/2017, Every day, Daily Average",1921,1249,2954
"271","Kisii University College, monrovia ambank, Nairobi","240","Karen Ln","1/10/2017 - 1/12/2017, Every day, Daily Average",2336,1494,3651
"271","Kisii University College, monrovia ambank, Nairobi","241","Riara Prestige Apartments","1/10/2017 - 1/12/2017, Every day, Daily Average",1220,735,2023
"271","Kisii University College, monrovia ambank, Nairobi","242","200 Kyuna Cres","1/10/2017 - 1/12/2017, Every day, Daily Average",847,481,1488
"271","Kisii University College, monrovia ambank, Nairobi","243","E Africa Motorsports Tracks","1/10/2017 - 1/12/2017, Every day, Daily Average",1649,950,2859
"271","Kisii University College, monrovia ambank, Nairobi","244","Wangapala Rd","1/10/2017 - 1/12/2017, Every day, Daily Average",943,565,1571
"271","Kisii University College, monrovia ambank, Nairobi","245","Ole Shapara Ave","1/10/2017 - 1/12/2017, Every day, Daily Average",837,413,1693
"271","Kisii University College, monrovia ambank, Nairobi","246","Mombasa Road","1/10/2017 - 1/12/2017, Every day, Daily Average",1242,716,2152
"271","Kisii University College, monrovia ambank, Nairobi","247","Kabiria Rd","1/10/2017 - 1/12/2017, Every day, Daily Average",1902,1302,2777
"271","Kisii University College, monrovia ambank, Nairobi","248","Pilipili Way","1/10/2017 - 1/12/2017, Every day, Daily Average",683,385,1208
"271","Kisii University College, monrovia ambank, Nairobi","249","Mombasa Road","1/10/2017 - 1/12/2017, Every day, Daily Average",2187,1457,3281
"271","Kisii University College, monrovia ambank, Nairobi","251","Limuru Rd","1/10/2017 - 1/12/2017, Every day, Daily Average",2212,1532,3193
"271","Kisii University College, monrovia ambank, Nairobi","252","Ol Leleshwa Rd","1/10/2017 - 1/12/2017, Every day, Daily Average",1974,1185,3287
"271","Kisii University College, monrovia ambank, Nairobi","253","Meru - Nairobi Hwy","1/10/2017 - 1/12/2017, Every day, Daily Average",2590,1932,3471
"271","Kisii University College, monrovia ambank, Nairobi","254","Banjui House","1/10/2017 - 1/12/2017, Every day, Daily Average",2381,1369,4139
"271","Kisii University College, monrovia ambank, Nairobi","255","Unnamed Road","1/10/2017 - 1/12/2017, Every day, Daily Average",2708,1966,3728
"271","Kisii University College, monrovia ambank, Nairobi","256","Meru - Nairobi Hwy","1/10/2017 - 1/12/2017, Every day, Daily Average",613,329,1141
"271","Kisii University College, monrovia ambank, Nairobi","257","Mukunga","1/10/2017 - 1/12/2017, Every day, Daily Average",928,511,1683
"271","Kisii University College, monrovia ambank, Nairobi","258","0 Muthithi Rd","1/10/2017 - 1/12/2017, Every day, Daily Average",326,139,760
"271","Kisii University College, monrovia ambank, Nairobi","259","Unnamed Road","1/10/2017 - 1/12/2017, Every day, Daily Average",2957,1837,4758
"271","Kisii University College, monrovia ambank, Nairobi","262","Unnamed Road","1/10/2017 - 1/12/2017, Every day, Daily Average",2968,1962,4487
"271","Kisii University College, monrovia ambank, Nairobi","263","Nairobi - Namanga","1/10/2017 - 1/12/2017, Every day, Daily Average",2322,1579,3413
"271","Kisii University College, monrovia ambank, Nairobi","264","Gigiri Rd","1/10/2017 - 1/12/2017, Every day, Daily Average",1247,806,1928
"271","Kisii University College, monrovia ambank, Nairobi","266","Kandara Rd","1/10/2017 - 1/12/2017, Every day, Daily Average",705,394,1261
"271","Kisii University College, monrovia ambank, Nairobi","268","Church Road","1/10/2017 - 1/12/2017, Every day, Daily Average",3015,1946,4669
"271","Kisii University College, monrovia ambank, Nairobi","269","Magadi Rd","1/10/2017 - 1/12/2017, Every day, Daily Average",1891,1179,3030
"271","Kisii University College, monrovia ambank, Nairobi","271","GTZ Processional Way","1/10/2017 - 1/12/2017, Every day, Daily Average",503,130,1939
"271","Kisii University College, monrovia ambank, Nairobi","272","Miotoni Rd","1/10/2017 - 1/12/2017, Every day, Daily Average",2054,1243,3391
"271","Kisii University College, monrovia ambank, Nairobi","273","Thigiri Cl","1/10/2017 - 1/12/2017, Every day, Daily Average",1459,902,2357
"271","Kisii University College, monrovia ambank, Nairobi","275","Kikenni Ln","1/10/2017 - 1/12/2017, Every day, Daily Average",2157,1494,3114
"271","Kisii University College, monrovia ambank, Nairobi","276","Garden Estate Rd","1/10/2017 - 1/12/2017, Every day, Daily Average",1038,615,1750
"271","Kisii University College, monrovia ambank, Nairobi","277","Johari Ave","1/10/2017 - 1/12/2017, Every day, Daily Average",2115,1259,3550
"271","Kisii University College, monrovia ambank, Nairobi","278","Farasi Lane","1/10/2017 - 1/12/2017, Every day, Daily Average",1399,949,2061
"271","Kisii University College, monrovia ambank, Nairobi","279","Ngong Rd","1/10/2017 - 1/12/2017, Every day, Daily Average",1385,827,2317
"271","Kisii University College, monrovia ambank, Nairobi","280","Ronix Gas Supplies","1/10/2017 - 1/12/2017, Every day, Daily Average",2002,1176,3406
"271","Kisii University College, monrovia ambank, Nairobi","281","Gatundu Cres","1/10/2017 - 1/12/2017, Every day, Daily Average",891,514,1542
"271","Kisii University College, monrovia ambank, Nairobi","282","0 Muthaiga Rd","1/10/2017 - 1/12/2017, Every day, Daily Average",844,493,1441
"271","Kisii University College, monrovia ambank, Nairobi","283","Unnamed Road","1/10/2017 - 1/12/2017, Every day, Daily Average",2597,1735,3885
"271","Kisii University College, monrovia ambank, Nairobi","284","Foot Path","1/10/2017 - 1/12/2017, Every day, Daily Average",1807,1262,2587
"271","Kisii University College, monrovia ambank, Nairobi","285","Garissa Rd","1/10/2017 - 1/12/2017, Every day, Daily Average",3053,2308,4037
"271","Kisii University College, monrovia ambank, Nairobi","286","Unnamed Road","1/10/2017 - 1/12/2017, Every day, Daily Average",2671,1713,4162
"271","Kisii University College, monrovia ambank, Nairobi","287","City Clock","1/10/2017 - 1/12/2017, Every day, Daily Average",799,379,1681
"271","Kisii University College, monrovia ambank, Nairobi","288","Old Mombasa Rd","1/10/2017 - 1/12/2017, Every day, Daily Average",1334,772,2303
"271","Kisii University College, monrovia ambank, Nairobi","289","USIU Rd","1/10/2017 - 1/12/2017, Every day, Daily Average",1481,947,2315
"271","Kisii University College, monrovia ambank, Nairobi","290","Ngong Forest Rd","1/10/2017 - 1/12/2017, Every day, Daily Average",2086,1247,3489
"271","Kisii University College, monrovia ambank, Nairobi","291","Unnamed Road","1/10/2017 - 1/12/2017, Every day, Daily Average",1296,762,2201
"271","Kisii University College, monrovia ambank, Nairobi","292","Loneview Access Rd","1/10/2017 - 1/12/2017, Every day, Daily Average",1765,1084,2873
"271","Kisii University College, monrovia ambank, Nairobi","293","Lake View Dr","1/10/2017 - 1/12/2017, Every day, Daily Average",1314,870,1983
"271","Kisii University College, monrovia ambank, Nairobi","294","Pofu Rd","1/10/2017 - 1/12/2017, Every day, Daily Average",1899,1271,2835
"271","Kisii University College, monrovia ambank, Nairobi","295","Mombasa Road","1/10/2017 - 1/12/2017, Every day, Daily Average",2427,1648,3574
"271","Kisii University College, monrovia ambank, Nairobi","297","Ndemi Rd","1/10/2017 - 1/12/2017, Every day, Daily Average",963,562,1648
"271","Kisii University College, monrovia ambank, Nairobi","298","Unnamed Road","1/10/2017 - 1/12/2017, Every day, Daily Average",2302,1650,3210
"271","Kisii University College, monrovia ambank, Nairobi","300","Helena Road","1/10/2017 - 1/12/2017, Every day, Daily Average",2149,1383,3337
"271","Kisii University College, monrovia ambank, Nairobi","301","ELSEK ELSEK Nairobi Show House Road","1/10/2017 - 1/12/2017, Every day, Daily Average",2172,1376,3427
"271","Kisii University College, monrovia ambank, Nairobi","302","Limuru Rd","1/10/2017 - 1/12/2017, Every day, Daily Average",2407,1814,3193
"271","Kisii University College, monrovia ambank, Nairobi","303","400 Muhuri Rd","1/10/2017 - 1/12/2017, Every day, Daily Average",2664,1637,4333
"271","Kisii University College, monrovia ambank, Nairobi","304","Embu - Nairobi Hwy","1/10/2017 - 1/12/2017, Every day, Daily Average",2107,1412,3142
"271","Kisii University College, monrovia ambank, Nairobi","305","Amani","1/10/2017 - 1/12/2017, Every day, Daily Average",1816,1157,2848
"271","Kisii University College, monrovia ambank, Nairobi","306","Mandela Gate","1/10/2017 - 1/12/2017, Every day, Daily Average",1868,1251,2788
"271","Kisii University College, monrovia ambank, Nairobi","308","500 Kwarara Rd","1/10/2017 - 1/12/2017, Every day, Daily Average",2340,1551,3529
"271","Kisii University College, monrovia ambank, Nairobi","309","Unnamed Road","1/10/2017 - 1/12/2017, Every day, Daily Average",1713,1037,2828
"271","Kisii University College, monrovia ambank, Nairobi","311","Kangundo Rd","1/10/2017 - 1/12/2017, Every day, Daily Average",2741,1722,4360
"271","Kisii University College, monrovia ambank, Nairobi","312","100 Kamiti Rd","1/10/2017 - 1/12/2017, Every day, Daily Average",1439,864,2394
"271","Kisii University College, monrovia ambank, Nairobi","313","Mumwe Drive","1/10/2017 - 1/12/2017, Every day, Daily Average",1829,1299,2574
"271","Kisii University College, monrovia ambank, Nairobi","314","Mutarakwa Limuru Rd","1/10/2017 - 1/12/2017, Every day, Daily Average",2567,1979,3329
"271","Kisii University College, monrovia ambank, Nairobi","316","Prestige Apartments","1/10/2017 - 1/12/2017, Every day, Daily Average",1701,962,3005
"271","Kisii University College, monrovia ambank, Nairobi","317","Fifth St","1/10/2017 - 1/12/2017, Every day, Daily Average",1298,773,2177
"271","Kisii University College, monrovia ambank, Nairobi","319","Banana Raini Rd","1/10/2017 - 1/12/2017, Every day, Daily Average",2201,1609,3010
"271","Kisii University College, monrovia ambank, Nairobi","320","Northern Bypass Rd","1/10/2017 - 1/12/2017, Every day, Daily Average",2417,1631,3580
"271","Kisii University College, monrovia ambank, Nairobi","321","Fiesta-Bypass Link","1/10/2017 - 1/12/2017, Every day, Daily Average",1690,1150,2482
"271","Kisii University College, monrovia ambank, Nairobi","322","Wanyee Cl","1/10/2017 - 1/12/2017, Every day, Daily Average",1532,907,2586
"271","Kisii University College, monrovia ambank, Nairobi","324","30700 Naivasha Rd","1/10/2017 - 1/12/2017, Every day, Daily Average",1171,739,1855
"271","Kisii University College, monrovia ambank, Nairobi","325","Community Rd","1/10/2017 - 1/12/2017, Every day, Daily Average",2506,1604,3914
"271","Kisii University College, monrovia ambank, Nairobi","327","Moi Dr","1/10/2017 - 1/12/2017, Every day, Daily Average",1836,1074,3138
"271","Kisii University College, monrovia ambank, Nairobi","328","Sigona Dr","1/10/2017 - 1/12/2017, Every day, Daily Average",1706,1227,2371
"271","Kisii University College, monrovia ambank, Nairobi","329","1800 Mpaka Rd","1/10/2017 - 1/12/2017, Every day, Daily Average",551,279,1085
"271","Kisii University College, monrovia ambank, Nairobi","330","Kanyariri-Gitaru Rd","1/10/2017 - 1/12/2017, Every day, Daily Average",1659,1111,2476
"271","Kisii University College, monrovia ambank, Nairobi","331","Unnamed Road","1/10/2017 - 1/12/2017, Every day, Daily Average",2895,1988,4214
"271","Kisii University College, monrovia ambank, Nairobi","332","Unnamed Road","1/10/2017 - 1/12/2017, Every day, Daily Average",2258,1483,3436
"271","Kisii University College, monrovia ambank, Nairobi","333","Nyasa Rd","1/10/2017 - 1/12/2017, Every day, Daily Average",1250,661,2360
"271","Kisii University College, monrovia ambank, Nairobi","334","Southern Bypass","1/10/2017 - 1/12/2017, Every day, Daily Average",1216,692,2136
"271","Kisii University College, monrovia ambank, Nairobi","335","Meru - Nairobi Hwy","1/10/2017 - 1/12/2017, Every day, Daily Average",2229,1519,3269
"271","Kisii University College, monrovia ambank, Nairobi","336","0 Mbagathi Ridge","1/10/2017 - 1/12/2017, Every day, Daily Average",2574,1733,3821
"271","Kisii University College, monrovia ambank, Nairobi","337","0 Milima Rd","1/10/2017 - 1/12/2017, Every day, Daily Average",2705,1783,4103
"271","Kisii University College, monrovia ambank, Nairobi","338","Gatundu-Juja Road","1/10/2017 - 1/12/2017, Every day, Daily Average",2466,1713,3549
"271","Kisii University College, monrovia ambank, Nairobi","340","Meru - Nairobi Hwy","1/10/2017 - 1/12/2017, Every day, Daily Average",1884,1229,2887
"271","Kisii University College, monrovia ambank, Nairobi","341","Hillcrest Dr","1/10/2017 - 1/12/2017, Every day, Daily Average",2240,1317,3808
"271","Kisii University College, monrovia ambank, Nairobi","343","Karura Munyaka Road","1/10/2017 - 1/12/2017, Every day, Daily Average",2712,1590,4623
"271","Kisii University College, monrovia ambank, Nairobi","344","Kibiku Rd","1/10/2017 - 1/12/2017, Every day, Daily Average",2198,1342,3597
"271","Kisii University College, monrovia ambank, Nairobi","346","Kikuyu - Nderi Road","1/10/2017 - 1/12/2017, Every day, Daily Average",1931,1279,2914
"271","Kisii University College, monrovia ambank, Nairobi","347","Ghana Cl","1/10/2017 - 1/12/2017, Every day, Daily Average",1626,1038,2545
"271","Kisii University College, monrovia ambank, Nairobi","348","Unnamed Road","1/10/2017 - 1/12/2017, Every day, Daily Average",2790,2090,3724
"271","Kisii University College, monrovia ambank, Nairobi","349","Unnamed Road","1/10/2017 - 1/12/2017, Every day, Daily Average",2532,1839,3485
"271","Kisii University College, monrovia ambank, Nairobi","350","Eldoret-Malaba Rd","1/10/2017 - 1/12/2017, Every day, Daily Average",2236,1707,2928
"271","Kisii University College, monrovia ambank, Nairobi","351","Airport N Rd","1/10/2017 - 1/12/2017, Every day, Daily Average",1183,662,2112
"271","Kisii University College, monrovia ambank, Nairobi","352","Ngong View Road","1/10/2017 - 1/12/2017, Every day, Daily Average",2532,1790,3581
"271","Kisii University College, monrovia ambank, Nairobi","353","Gitaru Rd","1/10/2017 - 1/12/2017, Every day, Daily Average",2469,1568,3887
"271","Kisii University College, monrovia ambank, Nairobi","354","Kahawa Flyover","1/10/2017 - 1/12/2017, Every day, Daily Average",1566,987,2484
"271","Kisii University College, monrovia ambank, Nairobi","355","Kapenguria","1/10/2017 - 1/12/2017, Every day, Daily Average",1669,1182,2356
"271","Kisii University College, monrovia ambank, Nairobi","357","Unnamed Road","1/10/2017 - 1/12/2017, Every day, Daily Average",2669,1744,4083
"271","Kisii University College, monrovia ambank, Nairobi","358","Baba Dogo Rd","1/10/2017 - 1/12/2017, Every day, Daily Average",1578,1022,2436
"271","Kisii University College, monrovia ambank, Nairobi","359","Masai W Rd","1/10/2017 - 1/12/2017, Every day, Daily Average",2616,1685,4060
"271","Kisii University College, monrovia ambank, Nairobi","360","Mbagathi Ridge","1/10/2017 - 1/12/2017, Every day, Daily Average",2657,1777,3971
"271","Kisii University College, monrovia ambank, Nairobi","362","Enterprise Rd","1/10/2017 - 1/12/2017, Every day, Daily Average",1040,562,1921
"271","Kisii University College, monrovia ambank, Nairobi","363","Kahawa Sukari Ave","1/10/2017 - 1/12/2017, Every day, Daily Average",1972,1311,2966
"271","Kisii University College, monrovia ambank, Nairobi","364","Mombasa Road","1/10/2017 - 1/12/2017, Every day, Daily Average",2643,1814,3850
"271","Kisii University College, monrovia ambank, Nairobi","366","Red Hill Rd","1/10/2017 - 1/12/2017, Every day, Daily Average",1644,1129,2392
"271","Kisii University College, monrovia ambank, Nairobi","367","Mombasa Road","1/10/2017 - 1/12/2017, Every day, Daily Average",1700,1024,2821
"271","Kisii University College, monrovia ambank, Nairobi","368","Tara Rd","1/10/2017 - 1/12/2017, Every day, Daily Average",1007,613,1651
"271","Kisii University College, monrovia ambank, Nairobi","369","Green Ln","1/10/2017 - 1/12/2017, Every day, Daily Average",2367,1623,3451
"271","Kisii University College, monrovia ambank, Nairobi","370","Emmaus Street,","1/10/2017 - 1/12/2017, Every day, Daily Average",2516,1611,3928
"271","Kisii University College, monrovia ambank, Nairobi","371","Racing Circuit","1/10/2017 - 1/12/2017, Every day, Daily Average",1084,584,2011
"271","Kisii University College, monrovia ambank, Nairobi","372","Musa Gitau Rd","1/10/2017 - 1/12/2017, Every day, Daily Average",924,532,1604
"271","Kisii University College, monrovia ambank, Nairobi","374","Namanga Road","1/10/2017 - 1/12/2017, Every day, Daily Average",2746,1900,3967
"271","Kisii University College, monrovia ambank, Nairobi","376","Gathuru Rd","1/10/2017 - 1/12/2017, Every day, Daily Average",1633,1055,2527
"271","Kisii University College, monrovia ambank, Nairobi","377","Unnamed Road","1/10/2017 - 1/12/2017, Every day, Daily Average",2216,1421,3454
"271","Kisii University College, monrovia ambank, Nairobi","378","Aerodrome Rd","1/10/2017 - 1/12/2017, Every day, Daily Average",489,220,1082
"271","Kisii University College, monrovia ambank, Nairobi","379","Kamukunji Road","1/10/2017 - 1/12/2017, Every day, Daily Average",1068,536,2125
"271","Kisii University College, monrovia ambank, Nairobi","380","Mombasa Road","1/10/2017 - 1/12/2017, Every day, Daily Average",1610,969,2673
"271","Kisii University College, monrovia ambank, Nairobi","381","Eldoret-Malaba Rd","1/10/2017 - 1/12/2017, Every day, Daily Average",2017,1478,2751
"271","Kisii University College, monrovia ambank, Nairobi","383","Muungano House","1/10/2017 - 1/12/2017, Every day, Daily Average",331,147,742
"271","Kisii University College, monrovia ambank, Nairobi","385","Laxmi Estate","1/10/2017 - 1/12/2017, Every day, Daily Average",1359,859,2149
"271","Kisii University College, monrovia ambank, Nairobi","386","Ablution Block","1/10/2017 - 1/12/2017, Every day, Daily Average",689,339,1397
"271","Kisii University College, monrovia ambank, Nairobi","387","3rd Sunrise Ave","1/10/2017 - 1/12/2017, Every day, Daily Average",2435,1573,3768
"271","Kisii University College, monrovia ambank, Nairobi","388","0 Moi Dr","1/10/2017 - 1/12/2017, Every day, Daily Average",2083,1270,3416
"271","Kisii University College, monrovia ambank, Nairobi","389","Limuru Rd","1/10/2017 - 1/12/2017, Every day, Daily Average",2729,2030,3667
"271","Kisii University College, monrovia ambank, Nairobi","390","100-188 Thego Rd","1/10/2017 - 1/12/2017, Every day, Daily Average",1122,651,1933
"271","Kisii University College, monrovia ambank, Nairobi","391","Meru - Nairobi Hwy","1/10/2017 - 1/12/2017, Every day, Daily Average",2137,1413,3230
"271","Kisii University College, monrovia ambank, Nairobi","392","Coffee Garden Dr","1/10/2017 - 1/12/2017, Every day, Daily Average",940,552,1600
"271","Kisii University College, monrovia ambank, Nairobi","394","Limuru Rd","1/10/2017 - 1/12/2017, Every day, Daily Average",2440,1697,3508
"271","Kisii University College, monrovia ambank, Nairobi","395","EPZ Rd","1/10/2017 - 1/12/2017, Every day, Daily Average",2925,2223,3848
"271","Kisii University College, monrovia ambank, Nairobi","396","Unnamed Road","1/10/2017 - 1/12/2017, Every day, Daily Average",2165,1297,3612
"271","Kisii University College, monrovia ambank, Nairobi","397","Mahavir Court","1/10/2017 - 1/12/2017, Every day, Daily Average",635,341,1179
"271","Kisii University College, monrovia ambank, Nairobi","398","Kihara- Gacii- Karura Road","1/10/2017 - 1/12/2017, Every day, Daily Average",1924,1410,2624
"271","Kisii University College, monrovia ambank, Nairobi","399","Eastern Bypass","1/10/2017 - 1/12/2017, Every day, Daily Average",2587,1619,4132
"271","Kisii University College, monrovia ambank, Nairobi","400","Outer Ring Rd","1/10/2017 - 1/12/2017, Every day, Daily Average",931,539,1606